{
  "index": "v4_dolma-v1_7_llama",
  "total_unique_names": 57,
  "names_found_in_pretraining": 56,
  "counts": {
    "12": 1353983688,
    "13": 895800014,
    "14": 903298378,
    "15": 1145601886,
    "16": 975010899,
    "17": 856535300,
    "21": 725245976,
    "22": 625873884,
    "23": 489908925,
    "25": 756876770,
    "27": 387560931,
    "31": 369949626,
    "32": 466188929,
    "33": 331914906,
    "34": 287186226,
    "35": 372278155,
    "36": 323041528,
    "37": 273691333,
    "38": 256559477,
    "41": 254530432,
    "42": 265127554,
    "43": 239557063,
    "45": 348079983,
    "46": 222618831,
    "47": 223575232,
    "48": 256436114,
    "51": 242395645,
    "52": 238110695,
    "53": 220926662,
    "54": 215227191,
    "55": 298014160,
    "56": 248716688,
    "57": 204663078,
    "58": 198206131,
    "59": 196939950,
    "62": 204435637,
    "67": 195450900,
    "68": 197759460,
    "7": 5345163608,
    "72": 218604502,
    "73": 191323842,
    "74": 187658247,
    "75": 302791795,
    "76": 191723574,
    "77": 209046442,
    "78": 197424318,
    "81": 203573443,
    "83": 196974269,
    "84": 204207793,
    "85": 239359167,
    "86": 227982343,
    "87": 207385347,
    "89": 215883229,
    "91": 260720970,
    "92": 265581733,
    "95": 357971421,
    "Multiple numbers mentioned": 0
  },
  "entropy": {
    "normalized": 0.875027291853725,
    "raw": 5.081594050281465,
    "max": 5.807354922057604
  }
}