{
  "index": "v4_dolma-v1_7_llama",
  "total_unique_names": 45,
  "names_found_in_pretraining": 44,
  "counts": {
    "23": 489908925,
    "3": 8751770252,
    "34": 287186226,
    "35": 372278155,
    "37": 273691333,
    "38": 256559477,
    "42": 265127554,
    "45": 348079983,
    "46": 222618831,
    "47": 223575232,
    "48": 256436114,
    "5": 8028114804,
    "6": 5960085766,
    "63": 195117080,
    "64": 317750533,
    "65": 271655394,
    "67": 195450900,
    "7": 5345163608,
    "70": 423511119,
    "72": 218604502,
    "73": 191323842,
    "74": 187658247,
    "75": 302791795,
    "76": 191723574,
    "77": 209046442,
    "78": 197424318,
    "79": 181294550,
    "8": 5787624362,
    "80": 566689921,
    "82": 202406197,
    "83": 196974269,
    "84": 204207793,
    "85": 239359167,
    "86": 227982343,
    "87": 207385347,
    "88": 239375138,
    "89": 215883229,
    "9": 6866919368,
    "91": 260720970,
    "92": 265581733,
    "93": 268034895,
    "94": 277998513,
    "95": 357971421,
    "97": 390367592,
    "Multiple numbers mentioned": 0
  },
  "entropy": {
    "normalized": 0.6976218550843188,
    "raw": 3.808618813499737,
    "max": 5.459431618637297
  }
}