{
  "index": "v4_dolma-v1_7_llama",
  "total_unique_names": 82,
  "names_found_in_pretraining": 81,
  "counts": {
    "Aardvark": 166360,
    "African Lion": 32825,
    "African elephant": 107331,
    "African lion": 50503,
    "Alligator": 628538,
    "Alligator mississippiensis": 5856,
    "Bengal Tiger": 80693,
    "Bengal tiger": 101204,
    "Bull": 20907003,
    "Camel": 3047436,
    "Cape buffalo": 41983,
    "Capybara": 131560,
    "Cheetah": 1020081,
    "Chimpanzee": 154950,
    "Chinchilla": 181899,
    "Dachshund": 516531,
    "Dalmatian": 495788,
    "Dog": 28065588,
    "Dolphin": 2410837,
    "Dolphins": 4567309,
    "Dorcas gazelle": 1457,
    "Elephant": 3551617,
    "Emperor Penguin": 23631,
    "Emperor penguin": 10667,
    "Emperor scorpion": 885,
    "Emu": 540069,
    "Fennec fox": 6377,
    "Frogs": 960326,
    "Giraffa camelopardalis": 4089,
    "Giraffe": 558780,
    "Golden Lion Tamarin": 4692,
    "Golden Retriever": 605270,
    "Gorilla": 2417378,
    "Grizzly Bear": 174815,
    "Hamster": 379679,
    "Hippopotamus": 73584,
    "Homo sapiens": 490594,
    "Honey Badger": 87678,
    "Jaguar": 3792479,
    "Kangaroo": 1048828,
    "Komodo Dragon": 36422,
    "Lion": 13899300,
    "Lioness": 180961,
    "Mammuthus primigenius": 2575,
    "Mandrill": 94635,
    "Meerkat": 166881,
    "Meles meles": 4126,
    "Monarch Butterfly": 66387,
    "Mongoose": 504539,
    "Monkey": 5182701,
    "Moose": 2737179,
    "No animal mentioned": 0,
    "Octopus": 1284107,
    "Owl": 3075942,
    "Panda": 3563075,
    "Pandas": 1125612,
    "Penguin": 4224695,
    "Polar bear": 39753,
    "Python": 27527455,
    "Rabbit": 5347044,
    "Raccoon": 577812,
    "Rattlesnake": 313282,
    "Red Panda": 69067,
    "Rhinoceros": 217757,
    "Rottweiler": 503197,
    "Sea Lion": 133428,
    "Sea Otter": 79122,
    "Sea Turtle": 175610,
    "Sheep": 3018154,
    "Siberian Tiger": 21638,
    "Sloth": 477241,
    "Sloth bear": 4596,
    "Sperm whale": 8626,
    "Spider Monkey": 16507,
    "Spider monkey": 1969,
    "Tiger": 12720163,
    "common badger": 238,
    "elephant": 8700335,
    "frog": 5354761,
    "monkey": 8541955,
    "sheep": 18381385,
    "turtle": 5882555
  },
  "entropy": {
    "normalized": 0.7034773108761809,
    "raw": 4.4599406313876235,
    "max": 6.339850002884624
  }
}