{
  "index": "v4_dolma-v1_7_llama",
  "total_unique_names": 43,
  "names_found_in_pretraining": 42,
  "counts": {
    "13": 895800014,
    "14": 903298378,
    "23": 489908925,
    "25": 756876770,
    "27": 387560931,
    "31": 369949626,
    "32": 466188929,
    "34": 287186226,
    "41": 254530432,
    "42": 265127554,
    "43": 239557063,
    "44": 257615034,
    "45": 348079983,
    "47": 223575232,
    "48": 256436114,
    "50": 1094741542,
    "51": 242395645,
    "52": 238110695,
    "53": 220926662,
    "54": 215227191,
    "56": 248716688,
    "57": 204663078,
    "62": 204435637,
    "63": 195117080,
    "64": 317750533,
    "67": 195450900,
    "68": 197759460,
    "71": 192356566,
    "72": 218604502,
    "73": 191323842,
    "74": 187658247,
    "75": 302791795,
    "76": 191723574,
    "78": 197424318,
    "8": 5787624362,
    "81": 203573443,
    "82": 202406197,
    "83": 196974269,
    "84": 204207793,
    "85": 239359167,
    "87": 207385347,
    "Multiple numbers mentioned": 0,
    "No number mentioned": 9
  },
  "entropy": {
    "normalized": 0.8137486296672821,
    "raw": 4.387990913517227,
    "max": 5.392317422778761
  }
}