{
  "index": "v4_dolma-v1_7_llama",
  "total_unique_names": 24,
  "names_found_in_pretraining": 24,
  "counts": {
    "Amsterdam": 12551857,
    "Athens": 9905313,
    "Bangkok": 7304282,
    "Barcelona": 16575323,
    "Berlin": 25247116,
    "Florence": 9526765,
    "Kyiv": 2652021,
    "Kyoto": 4324792,
    "London": 144216059,
    "New York City": 29607611,
    "Paris": 58070155,
    "Rio de Janeiro": 2629417,
    "Rome": 29301569,
    "Santiago": 5226268,
    "Santorini": 1092908,
    "Sao Paulo": 1359709,
    "Seoul": 6647674,
    "Seville": 1874412,
    "Sydney": 29875209,
    "Tokyo": 20489597,
    "Vancouver": 19572937,
    "Vatican City": 453643,
    "Venice": 9215323,
    "Vienna": 10051359
  },
  "entropy": {
    "normalized": 0.7798873777622477,
    "raw": 3.5757543818256603,
    "max": 4.584962500721156
  }
}