{
  "index": "v4_dolma-v1_7_llama",
  "total_unique_names": 35,
  "names_found_in_pretraining": 33,
  "counts": {
    "Black Raspberry": 22976,
    "Butter Pecan": 28930,
    "Caff": 2673958,
    "Caramel": 1651236,
    "Chocolate": 10270963,
    "Chocolate Chip Cookie Dough": 34897,
    "Chocolate Peanut Butter": 95112,
    "Coffee": 16353493,
    "Cookie Dough": 169257,
    "Cookies 'n Cream": 1993,
    "Cookies and Cream": 44913,
    "Gelato di nocciola": 0,
    "Hazelnut": 347296,
    "Lavender": 2266236,
    "Mint": 7667561,
    "Mint Chip": 15311,
    "Mint Chocolate Chip": 31050,
    "Mint chocolate chip": 10319,
    "Muscadine Grape": 2332,
    "Not three ice cream flavors mentioned": 0,
    "Sea Salt Caramel": 16695,
    "Stracciatella": 14456,
    "Strawberry": 3157736,
    "Strawberry Cheesecake": 38976,
    "Vanilla": 3437820,
    "Vanilla Bean": 125540,
    "butter pecan": 47016,
    "chocolate": 54766459,
    "cookie dough": 1188954,
    "cookies and cream": 97083,
    "mint chocolate chip": 73614,
    "strawberry": 6620912,
    "strawberry cheesecake": 57062,
    "vanilla": 17962082,
    "vanilla bean": 605119
  },
  "entropy": {
    "normalized": 0.557130512721496,
    "raw": 2.8103858820874748,
    "max": 5.044394119358453
  }
}