{
  "index": "v4_dolma-v1_7_llama",
  "total_unique_names": 82,
  "names_found_in_pretraining": 81,
  "counts": {
    "#1f2831": 37,
    "#2e944b": 42,
    "#494949": 11871,
    "#537fbe": 54,
    "#F15B26": 23,
    "#b03911": 65,
    "#e24d86": 25,
    "#ea433b": 40,
    "#fff": 4587222,
    "Antique Grey": 686,
    "Beige": 555522,
    "Billet Silver Metallic": 1512,
    "Black": 155147201,
    "Blue": 68697343,
    "Brown": 62664827,
    "Charcoal": 926201,
    "Dark Cherry Pearl": 349,
    "Dark Navy": 7871,
    "Deep Cobalt": 289,
    "Diamond Nickel Silver": 1,
    "Faded Black": 824,
    "Formal Black": 848,
    "Gold": 63975278,
    "Gray": 18120738,
    "Green": 106827270,
    "Grey": 13778210,
    "Ivory": 2612632,
    "Lime Green": 55425,
    "Moss Green": 14323,
    "Natural": 30501396,
    "Navy": 23995913,
    "Not three colors mentioned": 0,
    "Olive Green": 40508,
    "Orange": 20584823,
    "Oxblood": 24087,
    "Pacific Blue Pearl": 174,
    "Pearl White": 62717,
    "Pink": 14133103,
    "Primrose Yellow": 2110,
    "Red": 168943906,
    "Reddish": 297649,
    "Rood": 326431,
    "Sea Foam Blue": 135,
    "Silver": 31034738,
    "Tortoise Shell": 8451,
    "Tropic Sand": 48,
    "White": 104452356,
    "Willow Grey": 287,
    "Yellow": 16449933,
    "beige": 3029118,
    "black": 262567912,
    "bleu": 437830,
    "blonde": 7189212,
    "blou": 15241,
    "blue": 134403336,
    "blush": 4869505,
    "brown": 57953861,
    "bruin": 45380,
    "copper": 24478838,
    "dark blue": 2112892,
    "dark burgundy": 30362,
    "dark cherry": 96255,
    "gold": 109057193,
    "gray": 26744054,
    "green": 171356923,
    "greenish": 1335937,
    "grey": 26400019,
    "ivory": 3377308,
    "jaune": 95770,
    "lavender": 5775163,
    "mint green": 217219,
    "navy": 8122582,
    "orange": 37217246,
    "pink": 37791829,
    "purple": 22586824,
    "red": 233753199,
    "rouge": 920535,
    "ruby": 4468736,
    "silver": 49947069,
    "violet": 3286442,
    "white": 236331902,
    "yellow": 58811654
  },
  "entropy": {
    "normalized": 0.7143670389118633,
    "raw": 4.5289798737060565,
    "max": 6.339850002884624
  }
}