{
  "index": "v4_dolma-v1_7_llama",
  "total_unique_names": 82,
  "names_found_in_pretraining": 82,
  "counts": {
    "11": 1177069624,
    "12": 1353983688,
    "13": 895800014,
    "14": 903298378,
    "15": 1145601886,
    "16": 975010899,
    "17": 856535300,
    "18": 1106947206,
    "19": 2315671198,
    "21": 725245976,
    "22": 625873884,
    "23": 489908925,
    "24": 563786077,
    "25": 756876770,
    "27": 387560931,
    "28": 408204530,
    "29": 347607678,
    "31": 369949626,
    "32": 466188929,
    "33": 331914906,
    "34": 287186226,
    "35": 372278155,
    "36": 323041528,
    "37": 273691333,
    "38": 256559477,
    "39": 264668844,
    "41": 254530432,
    "42": 265127554,
    "43": 239557063,
    "44": 257615034,
    "45": 348079983,
    "46": 222618831,
    "47": 223575232,
    "48": 256436114,
    "49": 227082409,
    "52": 238110695,
    "53": 220926662,
    "54": 215227191,
    "55": 298014160,
    "56": 248716688,
    "57": 204663078,
    "58": 198206131,
    "59": 196939950,
    "61": 207376422,
    "62": 204435637,
    "63": 195117080,
    "64": 317750533,
    "65": 271655394,
    "66": 215968519,
    "67": 195450900,
    "68": 197759460,
    "69": 183504398,
    "70": 423511119,
    "71": 192356566,
    "72": 218604502,
    "73": 191323842,
    "74": 187658247,
    "75": 302791795,
    "76": 191723574,
    "77": 209046442,
    "78": 197424318,
    "79": 181294550,
    "80": 566689921,
    "81": 203573443,
    "82": 202406197,
    "83": 196974269,
    "84": 204207793,
    "85": 239359167,
    "86": 227982343,
    "87": 207385347,
    "88": 239375138,
    "89": 215883229,
    "90": 464549992,
    "91": 260720970,
    "92": 265581733,
    "93": 268034895,
    "94": 277998513,
    "95": 357971421,
    "96": 351142633,
    "97": 390367592,
    "98": 458228125,
    "99": 787106084
  },
  "entropy": {
    "normalized": 0.9444015571390102,
    "raw": 6.004082012753554,
    "max": 6.357552004618084
  }
}